channel_location,date_creation,channel_name,views,videos,subscriptions,extration_date,icon,banner
Unknown,2013-08-09,#Refúgio Mental,2839081327,1060,12800000,2024-07-14 11:01:21,https://yt3.googleusercontent.com/ytc/AIdro_muStnjzczAA6nbeG53qU14QK00Bl6z8HPCBkNOSv46JhQ=s900-c-k-c0x00ffffff-no-rj,"https://yt3.googleusercontent.com/mttHUyw46aqishaP9620-RfLK8avVdUIWErtJZdgbYxwO6Q9ux9gb5GqlNXCP_a4Md7pH94umsg=w1060-fcrop64=1,00005a57ffffa5a8-k-c0xffffffff-no-nd-rj"
Brasil,2016-02-27,30PRAUM,3685029114,98,6200000,2024-07-17 16:09:49,https://yt3.googleusercontent.com/NAxz4GdNTqtC1ta2OTb1Bj2jnbp1yOddCBcovNhT26q3qxDaEMwl1EA4YPOyqPTUmyhG1g9H=s900-c-k-c0x00ffffff-no-rj,"https://yt3.googleusercontent.com/2EvpsyyMDBSvz0FlEDcoHvQs0g-YTPCXKm1LHjiou2a6_sjDDsQ2NF-cdHR4Z_tkcq0ItHILhQ=w1060-fcrop64=1,00005a57ffffa5a8-k-c0xffffffff-no-nd-rj"
Brasil,2014-05-21,Acelerados,493664479,3407,1890000,2024-07-17 16:09:49,https://yt3.googleusercontent.com/ytc/AIdro_mawqNh7C6ywlktL2h2vItrogd11y-_gTfhLiAtlhAfzH0=s900-c-k-c0x00ffffff-no-rj,"https://yt3.googleusercontent.com/-gJ8RNfS_adtaV2Hsz9X4LClW0aCvHco9MM9bsXPFNkHNqAr-sj6fnT8nV8IdJIT-vGCCwpj=w1060-fcrop64=1,00005a57ffffa5a8-k-c0xffffffff-no-nd-rj"
Unknown,2022-04-19,Ale Pastel estilo de vida simples,16210971,122,263000,2024-07-14 11:01:21,https://yt3.googleusercontent.com/IJga9UPCyBTzN4pEPyzegZOiBuwu0ttg4JToxEDvIvH_IYIJbM2pdfZMIYwEUdFgJQCdYSJr=s900-c-k-c0x00ffffff-no-rj,"https://yt3.googleusercontent.com/8vAzCShxYCFnolq0oFH2ObKX3sS54BolzVgN_22ox_NSMXEhgg32DiorIPkeNlUDUh3J6Z5jctI=w1060-fcrop64=1,00005a57ffffa5a8-k-c0xffffffff-no-nd-rj"
Unknown,2016-12-10,ALLAN DOS PIOS OdP,140608518,4636,408000,2024-07-14 11:01:21,https://yt3.googleusercontent.com/L0SuR9GeTDc0SJ6Od87AIkClzuWMY0ye8ca9o_--dysl80AgPNLaG30RzUF2gdj4l5D70BcB=s900-c-k-c0x00ffffff-no-rj,"https://yt3.googleusercontent.com/NzJjQw1Ndl05NTG1bl4eJBBKnippG874zhB51EXRPkzSQmVxDDnOLgj0rZL5LLM41Rq9xS7Jcr8=w1060-fcrop64=1,00005a57ffffa5a8-k-c0xffffffff-no-nd-rj"
Brasil,2023-08-16,Aqueles Caras,73218553,19,1980000,2024-07-17 16:09:49,https://yt3.googleusercontent.com/HRwQ8CrNB4xEkyMvx2071HBIpzHHsmZOm9_SsLCkBv0hGHKR25eh-dBmiM_OFBCcbBvGj7Dl=s900-c-k-c0x00ffffff-no-rj,"https://yt3.googleusercontent.com/6yPg-GAF9MR3yT3o5jjgboTHcOV4cz4F5wMQHGOoP197Y2WBXs36yBaxC7V_0XIvvN06-7Bfiw=w1060-fcrop64=1,00005a57ffffa5a8-k-c0xffffffff-no-nd-rj"
Brasil,2016-12-04,Balian,521402724,224,3490000,2024-07-17 16:09:49,https://yt3.googleusercontent.com/hzHCmmL1J1yG0dST9mcZVox5qimEvGDmqRy6Sh8ozMdTNZNpbUQb5D_dzUzITo_I80eHxdIh=s900-c-k-c0x00ffffff-no-rj,"https://yt3.googleusercontent.com/H1MXSCG0JvRDhx3wmAVNwnli_W4SGVbkJvK1gllgwDN5q7FcBE_cnPO40WgliIL40dasa3UoFA=w1060-fcrop64=1,00005a57ffffa5a8-k-c0xffffffff-no-nd-rj"
Brasil,2016-08-08,Band Jornalismo,2600176105,139216,5460000,2024-07-17 16:09:49,https://yt3.googleusercontent.com/UnAxgpQIXMDrPMosiYN06na0yQphfsbdykyWBfsT3UZk1ywdj4dfLfvAOyuKKPhSI0GDByAf=s900-c-k-c0x00ffffff-no-rj,"https://yt3.googleusercontent.com/hsfGWJ9fuplwYf1gImFwlESz4Vddq6vOoqbEX6ux7Fr1GavaajminOyPAWviY_-k5rJLxSNUOoA=w1060-fcrop64=1,00005a57ffffa5a8-k-c0xffffffff-no-nd-rj"
Unknown,2012-12-16,BANGTANTV,23201817494,2530,78500000,2024-07-14 11:01:21,https://yt3.googleusercontent.com/zL7KDS7WEHVbgpo6dM91hL5e91etHiuq2umW32iSePrhE5411SPsEdpAEcf5m5mYS-a_vpl7Ww=s900-c-k-c0x00ffffff-no-rj,"https://yt3.googleusercontent.com/FXHQqy4EAmXvEMJyrZb_Z4yocitS_Xg-_9AsFWRxr-WGTQsS5t-TPsRVqVm92rAhjybqdzzfmw=w1060-fcrop64=1,00005a57ffffa5a8-k-c0xffffffff-no-nd-rj"
Estados Unidos,2014-06-04,Ben Azelart,6901621683,346,29100000,2024-07-14 11:01:21,https://yt3.googleusercontent.com/mdLQ_AP35nEMgCDSuOqj7l32s-2edWv8WEmZY8fxPiJ4tI5gWM867-P76O9l8vMxYFX-SkKBIA=s900-c-k-c0x00ffffff-no-rj,"https://yt3.googleusercontent.com/p9NAogwMavDK7gokxZyK72dyBNbpxS-Rd2X7XKcuA74lvOKBNlwvMz9QSM_gDpwDWEAp8MgK=w1060-fcrop64=1,00005a57ffffa5a8-k-c0xffffffff-no-nd-rj"
Unknown,2023-12-19,Bitelo natural ,39046786,130,291000,2024-07-13 14:56:47,https://yt3.googleusercontent.com/XibexgnPPkRVfD3deeNIsS8S6NWwtPA0hxzIazLmQts7Ah6pma9PFXxWzPrqUoSWGCFcO-fuF_Q=s900-c-k-c0x00ffffff-no-rj,"https://yt3.googleusercontent.com/_maqmGsbHgLjO9XQbG5tobnTet71Fa4PKh9zMoFesGryPT_4Fd_GQwQOaabYncF_lTrv-SDz=w1060-fcrop64=1,00005a57ffffa5a8-k-c0xffffffff-no-nd-rj"
Brasil,2015-04-18,Blogueirinha,192542669,882,1660000,2024-07-17 16:09:49,https://yt3.googleusercontent.com/p4kCgOcKa9Xp3GgkTrG2bn2FbmpQbafNBKNNoPspA5qkMXzDVzsdgHoFU9z4Bmp0KlTXhXoeBUo=s900-c-k-c0x00ffffff-no-rj,"https://yt3.googleusercontent.com/VXRwle5PPXwyRqjyx6QChMewLIahxvprzPEYArtr8p3XsNvnLzDsDuXy8tJQAuOoxpZasfmYuw=w1060-fcrop64=1,00005a57ffffa5a8-k-c0xffffffff-no-nd-rj"
Brasil,2018-04-12,Caique Bitencourt,186823442,883,878000,2024-07-17 16:09:49,https://yt3.googleusercontent.com/AW8Wu5CZP9-KcWu-r1Yk2wYfAPvSE2zFkFtM7nmEX8YWDRnNG8zKVHTsPiS2YzCpE5ekStjFag=s900-c-k-c0x00ffffff-no-rj,"https://yt3.googleusercontent.com/784BzrOgHb3Dh6fPUicn0ZreRk3DJTDGdCzA3Y9_946acTa8MpCYk_kt4e5F_v_kK0d_ooTg-N4=w1060-fcrop64=1,00005a57ffffa5a8-k-c0xffffffff-no-nd-rj"
Brasil,2013-11-18,Canal do Vaguinha,89447632,3355,223000,2024-07-14 11:01:21,https://yt3.googleusercontent.com/ZXL0aqbLaEjBNpVJsbY8wkVGOFYmY_sEDie3f7Wtxj9vN28LNcWaTykQb83x3ShJafc-YY3h=s900-c-k-c0x00ffffff-no-rj,"https://yt3.googleusercontent.com/1qohlCnvoFUtUN9L2zT7ijqjl6_Fr5ikP_y63oigthJUGQVRpuZNW3Wosc4ajBes-o4bqFVm3jg=w1060-fcrop64=1,00005a57ffffa5a8-k-c0xffffffff-no-nd-rj"
Brasil,2023-01-26,Canal GB,45027067,240,1030000,2024-07-14 11:01:21,https://yt3.googleusercontent.com/QX91DdNmUzOOel7k7BtYL2qmlfUvGFwbRmkbMtYNLmRxsu3lCkBLEN-lXIXKKOb7HTaY-7UHcYc=s900-c-k-c0x00ffffff-no-rj,"https://yt3.googleusercontent.com/r92TB_EOPNLRqUCT_R-nfR6hFgH1_8lrI_XGd4LcBLLrXNWcijmuABJVgaqkZ8uQ_RCpf1jEvw=w1060-fcrop64=1,00005a57ffffa5a8-k-c0xffffffff-no-nd-rj"
Brasil,2010-07-21,Canal GNT,1060648824,4900,2500000,2024-07-11 14:43:12,https://yt3.googleusercontent.com/c5kQxjv2OXCNMDc_ZcSjMY3-2P5McB6HkuGJPTJoqNs4cKdwnQk7jeOxIQwthRel_v19OPLQ=s900-c-k-c0x00ffffff-no-rj,"https://yt3.googleusercontent.com/8hmyr3BH67fgJjSyHbWsM5190NVuEHchbIxPnrbO1RNAQGdhEOMu_aat7HdzmjvQbQEMgkRwGRQ=w1060-fcrop64=1,00005a57ffffa5a8-k-c0xffffffff-no-nd-rj"
Brasil,2008-09-20,Canal Nostalgia,1558675640,447,14900000,2024-07-14 11:01:21,https://yt3.googleusercontent.com/KmzuvcZc0w0zI1EnMhlC94imHiKJlpcROUNI7lMB73FaZyXwgwwbKO6G2tZCj1NbarMjpqlA=s900-c-k-c0x00ffffff-no-rj,"https://yt3.googleusercontent.com/PZ7DaYSUhQOvpYJQRxQYvOO37ymFQxfdhBvUangI87YvrY1it2ruodkUQW7sQDzCIZ034JGaSw=w1060-fcrop64=1,00005a57ffffa5a8-k-c0xffffffff-no-nd-rj"
Brasil,2020-06-29,Cartoloucos,197438805,379,1240000,2024-07-13 14:56:47,https://yt3.googleusercontent.com/WWeOeuy9LXRhXU5RICqAVD_ng6OTTDYfxR4q7n5FxihtiFPCqY0nvblALQGrlBtoVgNs73T3LMs=s900-c-k-c0x00ffffff-no-rj,"https://yt3.googleusercontent.com/UFHAh5_1SODzz1zphq0J2rZ8JD37ec-MCbL4iclEv5p9Ic6H1C6QPfTBxN8EvD7nWaKLCug3oA=w1060-fcrop64=1,00005a57ffffa5a8-k-c0xffffffff-no-nd-rj"
Brasil,2019-02-02,CazéTV,1323498794,6316,13900000,2024-07-17 16:09:49,https://yt3.googleusercontent.com/XiDI4jKrS7jiTTMpQPVnjQUwiZlMmW-5uTqY8L2-2rFzijy16o2QsHvvF3JVrNBNzHqlIYbIag=s900-c-k-c0x00ffffff-no-rj,"https://yt3.googleusercontent.com/m-HJCnrXMvwDPtknv6PE8h_S7qUmgkBgGjUj3pAWEzs1xbTU78xqahHKsZp1quoTEUx03W6HSg=w1060-fcrop64=1,00005a57ffffa5a8-k-c0xffffffff-no-nd-rj"
Brasil,2020-11-28,CHÁCARA COMÉDIA SELVAGEM,550767335,437,2120000,2024-07-14 11:01:21,https://yt3.googleusercontent.com/ytc/AIdro_nXryjNhiagL2bCkaKPsXHHuno5wFJCRC4f1EMvNK45GA=s900-c-k-c0x00ffffff-no-rj,"https://yt3.googleusercontent.com/28Yz9l3-ZN632L6EI3sMNC_rARGYEyExP71VW8Psbs5SSwQHwUcEaaykeKi_6Fd_v-CAfEql9ro=w1060-fcrop64=1,00005a57ffffa5a8-k-c0xffffffff-no-nd-rj"
Brasil,2019-06-03,Chico Garcia,182895097,3301,998000,2024-07-17 16:09:49,https://yt3.googleusercontent.com/7yLxyT7_F2YbIx41iibm3uwUxPXg6ydQjf77S-DvLWq0ZfikUs-MopQOZKycFRzB6zLOOU7suw=s900-c-k-c0x00ffffff-no-rj,"https://yt3.googleusercontent.com/bRYRBQz_UiXAJps4C-EvBMrBDT-SfkMnXCG_Oc_sa_FuatF-sryUqqjJp8TdIWZmb7-V3iyQ5g=w1060-fcrop64=1,00005a57ffffa5a8-k-c0xffffffff-no-nd-rj"
Brasil,2016-04-21,chip,53612194,248,744000,2024-07-17 16:09:49,https://yt3.googleusercontent.com/MQHXuZj72K5xKcmlk60PHZmZs74fy9F7vHG-Ta8XAwmJYhUFs6zUSUqO7hMASsgYsu9GphNy-is=s900-c-k-c0x00ffffff-no-rj,"https://yt3.googleusercontent.com/Ihq2ii-vVltceImC2CUD_rsyCgEKSPobAt6MMbkNRc9YsTeL3aMGO8xCpwWqdvo04_-W5GPb=w1060-fcrop64=1,00005a57ffffa5a8-k-c0xffffffff-no-nd-rj"
Brasil,2009-05-29,Corinthians TV,323214544,7391,2150000,2024-07-14 11:01:21,https://yt3.googleusercontent.com/hMUVSr1likvduZjBCeyF_-l_Kaqw5FfS5_DInRQqniFQFFHhSNskjNKkyntnd_WZYaQnsGgj=s900-c-k-c0x00ffffff-no-rj,"https://yt3.googleusercontent.com/0_ZNHUPD9tXkZ8qqoCbbj9pgGhNzjnh_xEESuzKbSN-4wF_QxFAdhNGNRfK4INvB6KIayYhGaBk=w1060-fcrop64=1,00005a57ffffa5a8-k-c0xffffffff-no-nd-rj"
Estados Unidos,2016-06-06,DaFuq!?Boom!,17003558248,297,42800000,2024-07-14 11:01:21,https://yt3.googleusercontent.com/P2dEEGGTZdLx7313inVbiONF5Kz-Pqik9o6s255XtMWMoxikwsswwvf57o3xBq7NSGsXK9lDNQ=s900-c-k-c0x00ffffff-no-rj,"https://yt3.googleusercontent.com/0ievIOy4OdQXfLXx5AJyDIjdwz7kWaBWjJ7gY0pkqnfayWMm0IeHHXSEuDkZVNaW88CrwY07tec=w1060-fcrop64=1,00005a57ffffa5a8-k-c0xffffffff-no-nd-rj"
Brasil,2021-02-17,Dani Nobrega,458859234,1266,2210000,2024-07-14 11:01:21,https://yt3.googleusercontent.com/Mn211MA8TGMMN6Ygo7FbWPWFNe8Hj-5dT2jaFwiS6BFm8ONwLQpbDydky0ub5Ckt2Wu697Y8=s900-c-k-c0x00ffffff-no-rj,"https://yt3.googleusercontent.com/zpt7oLriqStmcB1TC1GkYGN3TyQ_OElzv1tP-56kG5vXUsQDgh4-6OGIW8t_DjdGdYws12DUoQ=w1060-fcrop64=1,00005a57ffffa5a8-k-c0xffffffff-no-nd-rj"
Brasil,2016-07-11,Day e Lara,152368881,226,559000,2024-07-14 11:01:21,https://yt3.googleusercontent.com/ymiEtyJd_W52hVHmcDvwpRtXGaqsyNkbNOsqoGwmD0OWE6WnBGa1SSuBXkS1gaMuSQN2oZZPiw=s900-c-k-c0x00ffffff-no-rj,"https://yt3.googleusercontent.com/MWPqvo1wNp9zlOJEOw3qdIY8qFJiZBWOS1HT2QCaK63H-9DTl-qle8Kxbd0ZKICshAAE5TUx0n0=w1060-fcrop64=1,00005a57ffffa5a8-k-c0xffffffff-no-nd-rj"
Unknown,2019-11-16,Diário.da.Sergipana ,8677813,588,58600,2024-07-13 14:56:47,https://yt3.googleusercontent.com/FRrHlMPtkgiQtWSfe3YMvRa7pUTDZBq8V0FkSGJ0QTE6Y71y84w7TXY1QuJaCgzWeXQFwgBL9Q=s900-c-k-c0x00ffffff-no-rj,"https://yt3.googleusercontent.com/HsWGPJkJzLUQwNfv0EgEvSkMDsVvIA34C3yLRXpx9EivQP5x15g4OACXEEtorIYoW5t9nD2H=w1060-fcrop64=1,00005a57ffffa5a8-k-c0xffffffff-no-nd-rj"
Brasil,2016-02-21,Diogo Tiba,3497664407,831,8750000,2024-07-17 16:09:49,https://yt3.googleusercontent.com/Cgmqs-CbM2QbiwoP6J8D48eZhutSgLnBu9f_MQm1O2uGUMA9LvATzvoR7lhaLHUbrNq-PNW7QaI=s900-c-k-c0x00ffffff-no-rj,"https://yt3.googleusercontent.com/pl_upXYrdmjVlNLF7rzBU3ZvxSty-Q2jDOFmTaMF6OzdMrDSrmPd-MlS35iR-TMUziB5MEM7vA=w1060-fcrop64=1,00005a57ffffa5a8-k-c0xffffffff-no-nd-rj"
Brasil,2012-07-23,Diolinux,119087568,2422,701000,2024-07-14 11:30:16,https://yt3.googleusercontent.com/aypXJDLRC-q7U8nNFRIM07EozoAe1neU2F_hNsbMtuFp6XLHFscxhK73JG-mVbjz_YuABStM-60=s900-c-k-c0x00ffffff-no-rj,"https://yt3.googleusercontent.com/pf45dK2nb1pvzIuiReH-orvOeYml2iavnWpBZRXNreYT-jNNevGWjoJi50lh5yCRibhLkXKELw=w1060-fcrop64=1,00005a57ffffa5a8-k-c0xffffffff-no-nd-rj"
Unknown,2013-10-07,Domingo Espetacular,2781002091,8387,7880000,2024-07-17 16:09:49,https://yt3.googleusercontent.com/MORc47bbwN4bqGXRiEwjSpNz65lcXp8ZHluoUHN493Q4rxNTSHHW_QSwy5pYVZ_GyYENxjYJxw=s900-c-k-c0x00ffffff-no-rj,"https://yt3.googleusercontent.com/K7K8UY-UYx7rF7uwQwEcGO_uA2oiPNvPKfDJ2pEx8W2zmwCO6_umNiY5xCDMBoqNV4G-C8aXig=w1060-fcrop64=1,00005a57ffffa5a8-k-c0xffffffff-no-nd-rj"
Coreia do Sul,2018-02-13,Dreamcatcher official,654089664,932,1750000,2024-07-11 14:43:12,https://yt3.googleusercontent.com/O-XCrGdFLywL6bNixIukyfCsmjTzokDsbwo8hWnk6Sq5WJKvUMSk5GNyxiAluqcGTtUrVUg3Vw=s900-c-k-c0x00ffffff-no-rj,"https://yt3.googleusercontent.com/oZ45epFofSSHqouZuoSuglJuVOBvt38hbfWMzVpsGR9huW2OJv3FxKqsKZqHBcNeT0_ASE_2=w1060-fcrop64=1,00005a57ffffa5a8-k-c0xffffffff-no-nd-rj"
Unknown,2021-08-01,Dudaberud,475504262,311,3140000,2024-07-17 16:09:49,https://yt3.googleusercontent.com/R--Cqix4hx0QjKhakCH7paZZSjDYuxbDlkt83GdouF6iVo3gIH1WzoY7tOB1sRmYOeAM-sQ2pA=s900-c-k-c0x00ffffff-no-rj,"https://yt3.googleusercontent.com/treya_DuCIVjMsVyVAmctbAmAQAFidWIIR2np7ZAcIyYBX48V3OUHIHc09fp2HCb5vo5ofYfqA=w1060-fcrop64=1,00005a57ffffa5a8-k-c0xffffffff-no-nd-rj"
Brasil,2014-08-20,duzz,161302927,129,880000,2024-07-14 11:01:21,https://yt3.googleusercontent.com/OSICm5hp97U0oltHTnh9FBILvcPD1fmUk2O2pLBcVN9how2q23WqsXINjuIsCcpxowra50Gn-A=s900-c-k-c0x00ffffff-no-rj,"https://yt3.googleusercontent.com/5EVavVNg72ol7yVIR0MfKY1GJX2Zi_XtiEXWh3jLnwPja4T1QP0Zyll4OZlApXa2bz_6lGbT=w1060-fcrop64=1,00005a57ffffa5a8-k-c0xffffffff-no-nd-rj"
Brasil,2009-04-20,Eduardo Costa,5103635223,927,7430000,2024-07-14 11:01:21,https://yt3.googleusercontent.com/RZgJZ7uvFtv5Y00uk0YVi85BlZchu3_RkQlnBNZdkxfOgKOk8AbnRBJJyinnXl7j5SLVjmpBCA=s900-c-k-c0x00ffffff-no-rj,"https://yt3.googleusercontent.com/WmSI3XBf37t6du7_BXWqyPGV8SzesGmREwfJvMSiSUnBfY7Gl0uWHLvTbOhiWAfyUQesc_ZB9jU=w1060-fcrop64=1,00005a57ffffa5a8-k-c0xffffffff-no-nd-rj"
Brasil,2013-11-29,Ei Nerd,3869770382,7336,13600000,2024-07-14 11:01:21,https://yt3.googleusercontent.com/9z8IDvlZ_ytBTWgMXLpkrwcYaSyjEk5vVITs5I5hgMSK6mB0iJ_YonxbNXnGl_YWq_E4pFHC=s900-c-k-c0x00ffffff-no-rj,"https://yt3.googleusercontent.com/347BQgNzMP7v7u03AcKuMVyhmZ5U8ImLUfBHHGNzIDmpFSGj3sYs7NvzdK-Jdd8IJA3Bx9rh=w1060-fcrop64=1,00005a57ffffa5a8-k-c0xffffffff-no-nd-rj"
Argentina,2008-06-19,eldoce,284882611,27738,662000,2024-07-17 16:09:49,https://yt3.googleusercontent.com/ytc/AIdro_lFnSQTmKaiuNQ1PgUs7uUYgV0bjx0wc0CtYEZRbYbc8w=s900-c-k-c0x00ffffff-no-rj,"https://yt3.googleusercontent.com/0e4VBiTmIHXbteTuITuVK93AIUfoGbVD3A8X4CF0qqSXbwgRuEeIUaXRPwnCts4tuhy4bNTYEw=w1060-fcrop64=1,00005a57ffffa5a8-k-c0xffffffff-no-nd-rj"
Brasil,2016-06-29,Embrulha Pra Viagem,304702925,1399,957000,2024-07-12 15:52:30,https://yt3.googleusercontent.com/Do9Bcmj5n_DHk-V0KTQ2RRB_om3irddInAHdcUqDSyRJIQyLxh-i9z31Xe2ZdC1CgQfIG7RaAQ=s900-c-k-c0x00ffffff-no-rj,"https://yt3.googleusercontent.com/jX3x-TXhZQEHpBTxdBb7acJ-N3RphMwh-MWzn9KV-EfQ7JWQT1W30seAV1AXMZRG_VyHbKdk=w1060-fcrop64=1,00005a57ffffa5a8-k-c0xffffffff-no-nd-rj"
Brasil,2015-01-29,Emilly Vick,7118915902,656,17700000,2024-07-17 16:09:49,https://yt3.googleusercontent.com/-j8MrNAuS0IHQpJGoWRnX0HMCzT6e213cd_Qcpl-Lrg41K0C3smPB3QrLxCf3dGGjdK_T8xTpu8=s900-c-k-c0x00ffffff-no-rj,"https://yt3.googleusercontent.com/WFrNiJDf5eVDFJw2dGbhqbYeWA4oR4whjOzj00N3EalFR3Hewq0BHWzPWh5hIdrcFEoRmiN5HQ=w1060-fcrop64=1,00005a57ffffa5a8-k-c0xffffffff-no-nd-rj"
Brasil,2012-11-07,Enaldinho,16083142203,4382,37100000,2024-07-17 16:09:49,https://yt3.googleusercontent.com/ytc/AIdro_nQG2kix6tDrZuckiFjJhD_m0HPXtmeDj3UsF52ekgY4_8=s900-c-k-c0x00ffffff-no-rj,"https://yt3.googleusercontent.com/4-HJBHezHY99llXA-PWFbASCaPRzFZgHQsVQbt4CeukTfSvYO-lSLArfIwfedPbpnIWxveRkHA=w1060-fcrop64=1,00005a57ffffa5a8-k-c0xffffffff-no-nd-rj"
Unknown,2022-01-21,Eu Hipe,54388053,104,760000,2024-07-11 14:43:12,https://yt3.googleusercontent.com/VlqD1y0gG73bwxFS8XdxrA7ha0aMScIzoWNpR4N-39i7ZY8xr0xzyPcDUd54zvPMz9iK0TJOFw=s900-c-k-c0x00ffffff-no-rj,"https://yt3.googleusercontent.com/07WWbeBozeKr_7DzP05vdpJxIOJS8vmOTo3E8lzPHkvrNYpP1LHoevXe5V_XW944-G63anXmSw=w1060-fcrop64=1,00005a57ffffa5a8-k-c0xffffffff-no-nd-rj"
Brasil,2006-05-15,Felipe Neto,17788967896,4983,46500000,2024-07-17 16:09:49,https://yt3.googleusercontent.com/6ZD9tnqPePlBfwJR9ffYrHYdqO7VR9jpuo12lNBzE2B3vlZDBkFe982b1rqWewIkHNAunmMOULQ=s900-c-k-c0x00ffffff-no-rj,"https://yt3.googleusercontent.com/2sRHp580jW0e2x4sfJoxLWCTvwLJtGL2GRqezXDSMUaRHYC1kClU1OTKPJI4BUJC5bNzm35TN5Y=w1060-fcrop64=1,00005a57ffffa5a8-k-c0xffffffff-no-nd-rj"
Brasil,2017-05-28,FEURIPE,416109597,747,2430000,2024-07-17 16:09:49,https://yt3.googleusercontent.com/gRHLy1vxb3Xbcruf-WbwokUH9N2Pb_fpsXuZGK8sdXkoFASZMZwlURYxFLfI-RSQisN6Tiox7HM=s900-c-k-c0x00ffffff-no-rj,"https://yt3.googleusercontent.com/_Z7J7LS44l6mDhhyVp0QnZxI7TvFsOeFMXlkMV7Fsd9-l9a6DBAZd6RdbVQkKMCO3481aRLe=w1060-fcrop64=1,00005a57ffffa5a8-k-c0xffffffff-no-nd-rj"
Brasil,2016-03-13,Fixz,160950172,319,1160000,2024-07-14 11:01:21,https://yt3.googleusercontent.com/BbucNXiZIaw9vzDUc-4SccegP_3ztBy51CCD-VvDozFx6zQqYWKYPyJADzfGX60vRrjloFFPYA=s900-c-k-c0x00ffffff-no-rj,"https://yt3.googleusercontent.com/V5_WZPUFnDuPjr455mqfXAtkcunsRf6pJolQH7WFokSc7vBpL8YE0uwLn3ckY0n11nw5bLYUcds=w1060-fcrop64=1,00005a57ffffa5a8-k-c0xffffffff-no-nd-rj"
Brasil,2016-05-07,FLAZOEIRO,890649765,4747,2310000,2024-07-17 16:09:49,https://yt3.googleusercontent.com/ytc/AIdro_lDWcjkl5CRXbZr7C0UX0_LMnvHWP-vcbKvJ-8H_0Or01Y=s900-c-k-c0x00ffffff-no-rj,"https://yt3.googleusercontent.com/GbyaQm3BxfTaflO7tkLXa78N2CFFahxubBfS1penXk8ALhgqobuPd5lpa6VDqWjD9bMPikvJnA=w1060-fcrop64=1,00005a57ffffa5a8-k-c0xffffffff-no-nd-rj"
Brasil,2018-04-03,Fofocalizando,164222016,3163,500000,2024-07-14 11:01:21,https://yt3.googleusercontent.com/EGiSFC2zsCsyw5v6mYKCY5E59qUMLwdYhV61BiHkzy7t90ljfZeAP-QZr617rbQcFPk-QDunSA=s900-c-k-c0x00ffffff-no-rj,"https://yt3.googleusercontent.com/5PIuR5fihwql8acjyTPCloX_1CcyUw2gIe2hk4qEtIR0C7cx-F0ywybpRn1vSAVWtU4ql21o=w1060-fcrop64=1,00005a57ffffa5a8-k-c0xffffffff-no-nd-rj"
Unknown,2005-12-28,FORMULA 1,6951889048,7561,10800000,2024-07-12 15:52:30,https://yt3.googleusercontent.com/tyLW5LsJGwr4ViM30OeYbuLcu_MXfpRzP8y-X9_aKfTNJeMFHmnNbPyxxhaFDA9NRgwEu9mT-g=s900-c-k-c0x00ffffff-no-rj,"https://yt3.googleusercontent.com/4hjHDg6ngbzM2oT4gfAlHihuiOPnyaKRYitmZV-chGnq11Dw2_QzBrXh3uUFhmXfk_fRRI7x=w1060-fcrop64=1,00005a57ffffa5a8-k-c0xffffffff-no-nd-rj"
Brasil,2021-07-22,Fred e Fabrício,190167846,121,179000,2024-07-11 14:43:12,https://yt3.googleusercontent.com/a8X4HjATOhZJ-Ag-wP2hCuQAdxrBeVjujKKnPdMQP7v0mUJJx-rujMC3Wb6u-ixSoujuvCUL=s900-c-k-c0x00ffffff-no-rj,"https://yt3.googleusercontent.com/YiZ4sWNmbs2x3S4xfvuHGuLU-IQol0PF8U9AbeQNYQG9TXKlBOX1cVej-DX86gMdrLws6CiERA=w1060-fcrop64=1,00005a57ffffa5a8-k-c0xffffffff-no-nd-rj"
Brasil,2021-10-07,Free Fire Esports Brasil #LBFF,138181622,717,1250000,2024-07-17 16:09:49,https://yt3.googleusercontent.com/w3tVyGFPsmmuzHuBB8QtSBZe6pMu-HZUUapnrfRJwnmfbL4i8EjHmY47Ro0Nz0Sc1gNBsHzP=s900-c-k-c0x00ffffff-no-rj,"https://yt3.googleusercontent.com/elqWy-7GHUqjRVklsf26HlqYrui1hpABjpg55TXe4KYMH5NMhjy9yVLfFM0g015REMaq4-wOhw=w1060-fcrop64=1,00005a57ffffa5a8-k-c0xffffffff-no-nd-rj"
Brasil,2016-12-29,FutParódias,4848743651,922,10600000,2024-07-17 16:09:49,https://yt3.googleusercontent.com/43gv_N0qV_EXcXQkES6SFcXzEbPUgfXEfcRX9tNYjdf54fGHGwaed1E_jouI_SztDLCSaOJSDQ=s900-c-k-c0x00ffffff-no-rj,"https://yt3.googleusercontent.com/v30gIXNkB6T9GNgfzClZ8Czn-nWiw2SDi6WoDjtELtxqFK2--rRfq970w-HLNIGlcSrsqxR4M9E=w1060-fcrop64=1,00005a57ffffa5a8-k-c0xffffffff-no-nd-rj"
Brasil,2019-09-14,Gabriel e Shirley - Games,1953210359,1219,3460000,2024-07-14 11:01:21,https://yt3.googleusercontent.com/RNO9Fbt04V6JCf72GphLUT9OU7cti-GsDEnrcOy0b_p8hyv7CRhDR_ebW6gxGA1E1kGPeslbzw=s900-c-k-c0x00ffffff-no-rj,"https://yt3.googleusercontent.com/ryuRZ77HYKpUQDPecjuXUhzrKIX4fGaBQJtYNrFmvaDqtL7HUbCZEwDBXPij9J458Q2mPmclVA=w1060-fcrop64=1,00005a57ffffa5a8-k-c0xffffffff-no-nd-rj"
Brasil,2021-08-16,Gabriel e Shirley 2.0,963597306,827,1900000,2024-07-17 16:09:49,https://yt3.googleusercontent.com/IQ36fcSiCO4yNgsflf1RtJA_C_K6rMfncykRtbwJlfXbrbWJRGk28wEga-CeNdS8-P7KA08=s900-c-k-c0x00ffffff-no-rj,"https://yt3.googleusercontent.com/pxP_sQJFDt8AG1mXmf7TKmU-L4HfKs0Xxf3uy35zffEkExBpBl4dIQh4p7vXvQ_ei9hzG-5S=w1060-fcrop64=1,00005a57ffffa5a8-k-c0xffffffff-no-nd-rj"
Brasil,2011-06-03,Gabriela Rocha,3871196343,255,9270000,2024-07-17 16:09:49,https://yt3.googleusercontent.com/HO4DK3DMKOSiJCBmKE48TcoMPdxoYFSOf4VsErfo1ap_QDNT2M7IQrDalUXOrrcH4HB-llGnPQ=s900-c-k-c0x00ffffff-no-rj,"https://yt3.googleusercontent.com/AD-tTWzjyoonxuJNYI0AyZNxzX69N7eTVZ6ZG1LEHe4txtGuYjnQ8wy_jMZ6wKCBfEIV5W13=w1060-fcrop64=1,00005a57ffffa5a8-k-c0xffffffff-no-nd-rj"
Brasil,2013-06-05,Gazeta Esportiva,101813828,11574,538000,2024-07-13 14:56:47,https://yt3.googleusercontent.com/ytc/AIdro_n_cG5gw86M1ghplBWgsWYHZyhai-050aWSQlxvgX7IOsxW=s900-c-k-c0x00ffffff-no-rj,"https://yt3.googleusercontent.com/YOlbODfgclioezoKFTqXBAwRtkijPoNi5S-W4aqpA1gLxVt0EJVvF4qEIEduPEaB5p6neG05Jg=w1060-fcrop64=1,00005a57ffffa5a8-k-c0xffffffff-no-nd-rj"
Brasil,2020-08-04,ge,2738969747,15679,4900000,2024-07-17 16:09:49,https://yt3.googleusercontent.com/XHCE1FH6F1fBdRQjaf4Q08y4_GpdyiLU1vEFG20H2rs4sdRP00O-c6M8EBTJbwn01cHQ1lFR=s900-c-k-c0x00ffffff-no-rj,"https://yt3.googleusercontent.com/MLD8wi0PQLlTL2qnNFsjxaLE_YitfJl3ncp_UVwTqagPhiUxmnhtzR_cHrX6dnJtLlDifaPa=w1060-fcrop64=1,00005a57ffffa5a8-k-c0xffffffff-no-nd-rj"
Brasil,2016-07-22,Geleia,3063813528,2008,10000000,2024-07-17 16:09:49,https://yt3.googleusercontent.com/nrwA5erjqaDKmVh5Rs_kUPetdZBQ6pxrZeJjGLFBTzWy9xyJ9ZP7aMHUE8svznVxexB_i9brajQ=s900-c-k-c0x00ffffff-no-rj,"https://yt3.googleusercontent.com/6Kmwd0A5-f9VnHo-BqhQS_kXtbCmfURG7iF8C6RGhfhOaGL5Xpcv4QwvTFSXHnMWcB4PvvfgQuo=w1060-fcrop64=1,00005a57ffffa5a8-k-c0xffffffff-no-nd-rj"
Estados Unidos,2019-05-22,Genshin Impact,1665828413,931,7520000,2024-07-14 11:01:21,https://yt3.googleusercontent.com/yaTXekB1NkAkJkdoERv8kdGtkdwJ5pcQbsSCNB0BmAukcERMtZtUicDSXmdn84wnoXkFVBLm=s900-c-k-c0x00ffffff-no-rj,"https://yt3.googleusercontent.com/LsVINXqgErGQYRHZtLkn1KzyOVVyx1nWC7yTdD998zBzb7JpFQQg-auZlpnZSpZMQz-BaiOMOw=w1060-fcrop64=1,00005a57ffffa5a8-k-c0xffffffff-no-nd-rj"
Brasil,2020-09-18,GrandSlam,10422624,193,177000,2024-07-14 11:01:21,https://yt3.googleusercontent.com/NLvr_QcVxUh_xo6mr-CDi0xdXC70gcEZQCmTajH8enLgQMfijlyALfw4vwDxG8_iNOAOy5QbN6o=s900-c-k-c0x00ffffff-no-rj,"https://yt3.googleusercontent.com/zectkahFgA3aYZfFsj6ksGffDtXe_o-YU9BwTgp2rjIYio-8KYq2_gkn7amZjM9zuy_FPMA1DA=w1060-fcrop64=1,00005a57ffffa5a8-k-c0xffffffff-no-nd-rj"
Brasil,2010-11-09,Gusttavo Lima Oficial,15959379589,604,20800000,2024-07-14 11:01:21,https://yt3.googleusercontent.com/W1jf-E4hUhdLFSY8PhYuNlh_vAG18LEF8yhePaB7AJANc6kI-OSF8CxZ5yF5fEaAe-OkUNhkDg=s900-c-k-c0x00ffffff-no-rj,"https://yt3.googleusercontent.com/0PHn4Ps2uZTLBdrrb9rEIl9d6V-KVfXflcEpVmUZeDUKMS-B9hmtUePHQb19zc9_M9rm0SGPYaE=w1060-fcrop64=1,00005a57ffffa5a8-k-c0xffffffff-no-nd-rj"
Finlândia,2013-01-31,Hay Day,306026497,186,2110000,2024-07-11 14:43:12,https://yt3.googleusercontent.com/3uuvLxttvZAZ7qZSWSa8jKQB1HZa7MKZnHgQTLAtvatZfAw_jKoWs52Uwi684l26qOEldDEE=s900-c-k-c0x00ffffff-no-rj,"https://yt3.googleusercontent.com/8hhWp5mVupLWchY_rw4rKWi1IaAplEWOnds0yM8kF-DxC7saSG2Ww6OKpYHNdTWBWpZpqnXBSQ=w1060-fcrop64=1,00005a57ffffa5a8-k-c0xffffffff-no-nd-rj"
Coreia do Sul,2008-06-04,HYBE LABELS,34928152073,1927,75400000,2024-07-17 16:09:49,https://yt3.googleusercontent.com/ytc/AIdro_moizdSO2edQjTEiMj4OADBIy4SpYyZEGLA-KL538pq8UA=s900-c-k-c0x00ffffff-no-rj,"https://yt3.googleusercontent.com/AgaAy56OcOTNWBBIVO_ZrOJO-mm0ZuUEllsKiQ_Yt3XNQZAlCXkQ0ZXuD08ta-v96pVGmpV_=w1060-fcrop64=1,00005a57ffffa5a8-k-c0xffffffff-no-nd-rj"
Brasil,2013-03-24,Jão,759813456,61,2290000,2024-07-14 11:01:21,https://yt3.googleusercontent.com/-aUGfX877E8a_d7NxsL4Q7NbMKUoJhzw2cxSMwgqVB0-zuy1xnpIDRqQD1_5Q2emF9Piqg5slQ=s900-c-k-c0x00ffffff-no-rj,"https://yt3.googleusercontent.com/dRwlG9HEg_1FowGxG9ZjCZMVcMg3Msx__MSeLH7-yDhuzkKOO8zhRkZm2uzXOkgX0mkYV0Rld5k=w1060-fcrop64=1,00005a57ffffa5a8-k-c0xffffffff-no-nd-rj"
Unknown,2012-08-30,Jazzghost,7275921980,5827,16800000,2024-07-17 16:09:49,https://yt3.googleusercontent.com/_QWLAwBwKXViiV5aOQBIpipDrh7iMhrpv7EMbqIL4kfVealfeXJ7CY49Uma1VeqVnkYUucW4r8Q=s900-c-k-c0x00ffffff-no-rj,"https://yt3.googleusercontent.com/6qDWqpNOeLlKGjSaIB88XnJ9kEzyOYUOJVLLJDw9RXP-H0mAmpqemJzye2QscLwowJmi6qJZvQ=w1060-fcrop64=1,00005a57ffffa5a8-k-c0xffffffff-no-nd-rj"
Unknown,2020-07-05,Jean Dantas,25206916,2400,49700,2024-07-12 15:52:30,https://yt3.googleusercontent.com/ytc/AIdro_mo0PVEj-1FYccZL7xE_rpTGVSZEY64IBNEp_2wG04esw=s900-c-k-c0x00ffffff-no-rj,"https://yt3.googleusercontent.com/2zD95Sa5Xjpaos-CGBARQIzAEY8KqROZnkQoczT_fLa7D1UgAGlplbjyg2Cz35TxuIhFvAqu=w1060-fcrop64=1,00005a57ffffa5a8-k-c0xffffffff-no-nd-rj"
Unknown,2020-08-27,João Gomes Cantor,2123381022,226,4450000,2024-07-17 16:09:49,https://yt3.googleusercontent.com/6q_JkVZncQcwiuRK6X3Eg0Rf9jf33S3ld8FuUKggxDwoUgPMTLHm7iej84yGy7DB-dKILMJWXQ=s900-c-k-c0x00ffffff-no-rj,"https://yt3.googleusercontent.com/gv2f-N_uQEvPdZrVK-wvKh2T6V6pmbO4_PTp-rQNXe4CBjSyFlWJZc-elrVxqgBLHJ0Kt33gtQ=w1060-fcrop64=1,00005a57ffffa5a8-k-c0xffffffff-no-nd-rj"
Unknown,2019-03-16,Joaotanusz,187570351,787,608000,2024-07-17 16:09:49,https://yt3.googleusercontent.com/GN7diwrfNChCAMTcfD6tpucyaWGBfU3nnphmre4u5tGoYUEUcc8coMnio6M4E6ZhPHR-2BC5=s900-c-k-c0x00ffffff-no-rj,"https://yt3.googleusercontent.com/b5nUvkNWx-m-0yM_1WniChglHGraP63OeA1lbgcmuZNIxt-hxeLSo8Ww_AhEKcUOkqssvRQIOA=w1060-fcrop64=1,00005a57ffffa5a8-k-c0xffffffff-no-nd-rj"
Brasil,2021-10-15,Jota Alison,38516623,364,381000,2024-07-17 16:09:49,https://yt3.googleusercontent.com/y5jsCbwonKsrn8RWx7GkYLtF2OOYS5h2jjC4gXx0VKmm6KUMaqZup-VtQzGeUjc_YTlaa68Ulg=s900-c-k-c0x00ffffff-no-rj,"https://yt3.googleusercontent.com/kmfZbskckMrxCYkXb88mwSmzfMhDzn08LwxGF2jB6q7lkbpeb1tuzxaij3anqNmBmvEz1UoRtIU=w1060-fcrop64=1,00005a57ffffa5a8-k-c0xffffffff-no-nd-rj"
Brasil,2015-11-23,Jovem Pan Esportes,3456706984,20692,4780000,2024-07-17 16:09:49,https://yt3.googleusercontent.com/wzem52kYULsQRi0p8W2L6tMwdjTlXrl-VCI2kJOtcCM20PnS9v5TEDNN3S6xl6nk4hRI0T884zg=s900-c-k-c0x00ffffff-no-rj,"https://yt3.googleusercontent.com/ruebJhOfGYYzSdwvZanbGeTcdcMbvS3xPMdShuCiUgVAL2zPAV9B_IuLKfJQt7ebiMhBza1M6g=w1060-fcrop64=1,00005a57ffffa5a8-k-c0xffffffff-no-nd-rj"
Brasil,2015-09-21,Julia MineGirl,8379517187,2553,10900000,2024-07-14 11:01:21,https://yt3.googleusercontent.com/ytc/AIdro_nOrXpOqUTmS6jBDdMDmlEsflVdz2q-2hjmrslwODhvWoE=s900-c-k-c0x00ffffff-no-rj,"https://yt3.googleusercontent.com/J_UujcHWjSwdOJZebVbJm8nDVJFOboddx9cBTq551Sz1rAHyFNAPO7RgWdBQkHYpH5lidkogug=w1060-fcrop64=1,00005a57ffffa5a8-k-c0xffffffff-no-nd-rj"
Unknown,2008-01-24,JYP Entertainment,22734040956,2126,29300000,2024-07-11 14:43:12,https://yt3.googleusercontent.com/kcV7NQkBm-UvvzVTJvrg1Yf1eHSqi-DLXuZPt_ECa3cHEPefujS951Dxj6KUEQ5i9Z7_fyMUjw=s900-c-k-c0x00ffffff-no-rj,"https://yt3.googleusercontent.com/mrHlcq6ONzw179BktL6KhPKXHLnko5kH4PPhX4ASGIrWjMrkHUzBLzDf5gZpMOC7zFnLMXu0=w1060-fcrop64=1,00005a57ffffa5a8-k-c0xffffffff-no-nd-rj"
Brasil,2006-07-17,Karen Bachini,509099888,1946,2830000,2024-07-14 11:01:21,https://yt3.googleusercontent.com/e-gvUSBQiQw8opdxqNGpub_SXJY91mfXELnJuruzBfhBQjTPREmOYtpA6JF6D_bWh9FBQtei=s900-c-k-c0x00ffffff-no-rj,"https://yt3.googleusercontent.com/_7d1vVt8iF-Xp2YSytZnxNZkDaabgvS-bnnabxiLilMwBK4ilwnpRZwkEvYlznM0GLjE18qyNA=w1060-fcrop64=1,00005a57ffffa5a8-k-c0xffffffff-no-nd-rj"
Estados Unidos,2009-12-12,KatyPerryVEVO,24717391065,169,20000000,2024-07-17 16:09:49,https://yt3.googleusercontent.com/Ig4z3PnNPni6nkGbsbEQV9FjdH7vxp4LtTya3IwFo6pPCdECwxgmBEep8h9U6oSKDdcBL0mlCTQ=s900-c-k-c0x00ffffff-no-rj,"https://yt3.googleusercontent.com/ZgcA7Gh5xkS5yG0nFk0iFObWEyX2BZGb-ZVQDCr18mNf4V1oYjOYDdI-EXmxR-RjAj9W9TRovZI=w1060-fcrop64=1,00005a57ffffa5a8-k-c0xffffffff-no-nd-rj"
Estados Unidos,2011-02-09,KendrickLamarVEVO,3989850345,59,20000000,2024-07-17 16:09:49,https://yt3.googleusercontent.com/V4FqOieQ9y9dnErXPUZNWl1hyLafxIK7F55n5M8LVhPBmEou8kAbNuMlUZx23DoJHvH1sWG56No=s900-c-k-c0x00ffffff-no-rj,"https://yt3.googleusercontent.com/59Crmc39EfIYjBRvoIUnSJY6JLwPw1TQi1vIu0N6v_nfkvU7qqF2Of1rU6bQDIpO5mKJRUIs_g=w1060-fcrop64=1,00005a57ffffa5a8-k-c0xffffffff-no-nd-rj"
Brasil,2016-03-17,Kysha e Mine,358416621,347,1370000,2024-07-17 16:09:49,https://yt3.googleusercontent.com/wuM5eYnErlTUi0Q2Gg5ig-rPFJUdHlwZBHSB3o_W-e3JeilAJQAFM_7wZIzZ3IkJr3EXzcCdfA=s900-c-k-c0x00ffffff-no-rj,"https://yt3.googleusercontent.com/54eYXwEo-zfwMCCghiRboMsMnjaBZkr9ty36dcmz_QyzgYxbspDjtULmgEbD_9aHi8PlnLLp6g=w1060-fcrop64=1,00005a57ffffa5a8-k-c0xffffffff-no-nd-rj"
Brasil,2015-10-03,Laís Silva,43995586,601,433000,2024-07-14 11:01:21,https://yt3.googleusercontent.com/yYByC31qhRQFtegNc63ysl47JOCL1Mle4MLQDzMe_DESHJY8kGXHQkhbeeP5E3j8qiwREd_-mDI=s900-c-k-c0x00ffffff-no-rj,"https://yt3.googleusercontent.com/QWzW575spz0fUkh1mRz_ic4emEtfPRV-DLPoTxSSLaaCsgL-vHtP3OBjETF6Mqk9LhT8wy0x=w1060-fcrop64=1,00005a57ffffa5a8-k-c0xffffffff-no-nd-rj"
Brasil,2022-08-02,LanLan,10942553,78,252000,2024-07-14 11:01:21,https://yt3.googleusercontent.com/NdmJzYjLz0auu-bj2pUidqom3CauvyioE8arhrW8TVXmct8UfbaZfI1OElydnkCzbUL4ozDCSA=s900-c-k-c0x00ffffff-no-rj,
Unknown,2021-09-05,Leozinn 077,3755611798,375,11500000,2024-07-17 16:09:49,https://yt3.googleusercontent.com/qsyT5KRPkUOgcAsMpjPvHsQEfhnv0MoMkAyDK4K8EktfPC1ik_2ECsssCq5Mq9oaOZy73jL72w=s900-c-k-c0x00ffffff-no-rj,"https://yt3.googleusercontent.com/qTbB2uKHJprt7kR4aW0Y_zUr18AdnuuEff-EBIa-bvdaT2xC4RYeqwea8hH94mleUj9P6aU=w1060-fcrop64=1,00005a57ffffa5a8-k-c0xffffffff-no-nd-rj"
Brasil,2020-10-05,Liniker,34559610,117,143000,2024-07-14 11:01:21,https://yt3.googleusercontent.com/4jjrT0OlMYRz9HZscmwP_zm80VJMq_z0wVlhKl60H_fwZ7osay3Vw0-RMtuvnZrbFI5I0W910A=s900-c-k-c0x00ffffff-no-rj,"https://yt3.googleusercontent.com/3zV3OXlEAyZs198gq78aSub9qBCXQEnSlSsJ_SatDnfxpFL-BsSF99LCcBGpcQz4JcoT6tGg3g=w1060-fcrop64=1,00005a57ffffa5a8-k-c0xffffffff-no-nd-rj"
Brasil,2011-10-01,LipaoGamer,4604443684,12260,12900000,2024-07-17 16:09:49,https://yt3.googleusercontent.com/uBi9-XKfBxdnjPlcp-kYnhsYju6-Pkv4S_bnifel51a78--LQacH80N3aFOUgs9cWJfhi3AJNY4=s900-c-k-c0x00ffffff-no-rj,"https://yt3.googleusercontent.com/BPf1pC5ZnL0ciLmJpKQBBkxFz_QsmaKnBMb3q5NgxS8SsMLI5-trXq-wT38Yrnw-onDWMqXQ_w=w1060-fcrop64=1,00005a57ffffa5a8-k-c0xffffffff-no-nd-rj"
Singapura,2024-01-29,LLOUD Official,143333802,7,3430000,2024-07-14 11:01:21,https://yt3.googleusercontent.com/VAGrqmTz_Kzok_KgErp5BYZsLVVFPnytIx5FwFDKglUwTe9ZvEHOrRae3ZXywkeTuVsigce8BQ=s900-c-k-c0x00ffffff-no-rj,"https://yt3.googleusercontent.com/wkzcACCWhG70SlkBbLYN0BeccB35Cr2uvLZKZfUAn_kcabjyi8mWL3HqWeV634yRxzbMSkAllg=w1060-fcrop64=1,00005a57ffffa5a8-k-c0xffffffff-no-nd-rj"
Brasil,2014-06-09,LUDMILLA,4615469522,277,8990000,2024-07-12 15:52:30,https://yt3.googleusercontent.com/H7g_UVjBUhVv5fyrkpAUU0f_AnunZ7y89prS4_Egd2i871RjJEy02BXfWWq7Z3RrcFVDb1fy=s900-c-k-c0x00ffffff-no-rj,"https://yt3.googleusercontent.com/fXKvvNApMnigEY3IICi98LwwZqbfVg5ugAa0m1MmfgFHexK3Q1ItuHYIMIqTPwKNjreJPbJZ6oc=w1060-fcrop64=1,00005a57ffffa5a8-k-c0xffffffff-no-nd-rj"
Brasil,2016-06-15,Luluca Games,1965450232,1180,5580000,2024-07-13 14:56:47,https://yt3.googleusercontent.com/Uj0ifiP5OqpRpBuOuStG_XmFHhj31DfjVFe3fVaXF1AM_G2bPE60GMktoL_fm0x9tBtlgYx84w=s900-c-k-c0x00ffffff-no-rj,"https://yt3.googleusercontent.com/YUNYncSv6WOSwiNpAvxPpNAvXztxBWBTFevXCa26D4YVuJvkmzkYqsvEdkjfUZX_l7MhufkDXN0=w1060-fcrop64=1,00005a57ffffa5a8-k-c0xffffffff-no-nd-rj"
Unknown,2020-04-23,Mainstreet Records,2537125094,144,4150000,2024-07-17 16:09:49,https://yt3.googleusercontent.com/ytc/AIdro_lJAyCdE_WHVOzl8iO3NOhy3gJSFh444-UtowbhER1Skw=s900-c-k-c0x00ffffff-no-rj,"https://yt3.googleusercontent.com/zWsGC4LWUnVdPCboq_m6RTePMsrs143vi5VgmqFuIf4o9ImtspBAj5fDGnAtjlzP52X84MtO69o=w1060-fcrop64=1,00005a57ffffa5a8-k-c0xffffffff-no-nd-rj"
Brasil,2018-04-18,Major RD,247933844,46,596000,2024-07-17 16:09:49,https://yt3.googleusercontent.com/SsRwhyMuhxgLbteO4_uUZj7XecKVyqyZkKe45tEYJy1DAGTb1r0G8jyyEGdLmfRTeTw5ps4O1Q=s900-c-k-c0x00ffffff-no-rj,"https://yt3.googleusercontent.com/Mjk6yLmUE6eABZP1VFWZW8CbhdfOwq7JoHjGebZA5EzVypTvr9EuWi48xiuhKMh7KHPMfGNJ=w1060-fcrop64=1,00005a57ffffa5a8-k-c0xffffffff-no-nd-rj"
Brasil,2015-02-06,Maneirando,1093486507,487,10300000,2024-07-14 11:01:21,https://yt3.googleusercontent.com/5fd5wrt0j2Y-0s4t-rH51Y0dUDu_lg0EAq8tGe93dkYkSL7bkXocoZLQG-PBmYnmSK_tzS6aVA=s900-c-k-c0x00ffffff-no-rj,"https://yt3.googleusercontent.com/Ee3Lda71BC5qi5VycxwNjAkFzpmh7rd0RyQdvf3ZU01qh7JaZVd1sMjJLYhu1tMSrJ5CdgzvaQ=w1060-fcrop64=1,00005a57ffffa5a8-k-c0xffffffff-no-nd-rj"
Brasil,2021-02-03,MANETIKIN,257701021,1215,401000,2024-07-11 14:43:12,https://yt3.googleusercontent.com/zdPoiZWF2DZ2NATo5ezUY8NRZCK8is7Pzhhd4aOiSLN5KQ7uhscsi9_YwNqxnpFOXWFK-Lk_eQ=s900-c-k-c0x00ffffff-no-rj,"https://yt3.googleusercontent.com/6at5_WVM5Iy0qElBc-RYC-yN2wUOWqXx-Zx6ODE3rriPodz7UMEUznAjkqe-vm-yZvN0X5ez1A=w1060-fcrop64=1,00005a57ffffa5a8-k-c0xffffffff-no-nd-rj"
Unknown,2014-09-17,Mari Maria,1487200176,2148,11100000,2024-07-14 11:01:21,https://yt3.googleusercontent.com/TBK_jEMwjXMR6h3YblXbYeTldWpy1XZk3OcY1W_eOp9_XpvdHOgy51W9_OXZsQblUgg03bQttw=s900-c-k-c0x00ffffff-no-rj,"https://yt3.googleusercontent.com/RVgFNRXCQrVzJfuA_94WvzCKddiWOVt99HUtHj80iedZtgzQbipF0QuFwi0uGW8nLGpaf_rY=w1060-fcrop64=1,00005a57ffffa5a8-k-c0xffffffff-no-nd-rj"
Brasil,2011-10-11,Marvel Brasil,354854758,640,1280000,2024-07-14 11:01:21,https://yt3.googleusercontent.com/ytc/AIdro_kxV6O4f6NT1OqalI9H0koI8KDCUfJQF29h-3FrEyCd7g=s900-c-k-c0x00ffffff-no-rj,"https://yt3.googleusercontent.com/ttqrsRLGwGladrjBuI9Y7Vc6ngavnRoWqrn3SAJqNW2_8cv21gFqj80fB2J449pPBG756iTIADM=w1060-fcrop64=1,00005a57ffffa5a8-k-c0xffffffff-no-nd-rj"
Estados Unidos,2005-06-16,Marvel Entertainment,6055196473,8999,20600000,2024-07-17 16:09:49,https://yt3.googleusercontent.com/ugAmG9LeliJJoiyacIecdiq_ZgRNdmjCIohaN5x3QEOmWB9dNUsKuCU8ngLs3JUauHZ4-boVkA=s900-c-k-c0x00ffffff-no-rj,"https://yt3.googleusercontent.com/eofnq4USL6L4BZ6fYLLrGUpUq3nuxxZSltZC4LBZE2CZGH30_oRXWnKhPOezVhIYBiADV4u1zg=w1060-fcrop64=1,00005a57ffffa5a8-k-c0xffffffff-no-nd-rj"
Brasil,2015-10-16,MasterChef Brasil,4451967959,5162,5220000,2024-07-17 16:09:49,https://yt3.googleusercontent.com/s42XSfBHTlMi5b_MzlGR2BbwER4SpUYGZcSH2xeCOmJFg6IKIgU-iUQkERRRKWbYgyMNM2BXQg=s900-c-k-c0x00ffffff-no-rj,"https://yt3.googleusercontent.com/pZRGsMOJv4M-ABdgeZ_SQgZLZzQfrBqZ6nChe7w-kuC5DkymrT9A4lURtVyNE5KyVYa0rl6Ir9o=w1060-fcrop64=1,00005a57ffffa5a8-k-c0xffffffff-no-nd-rj"
Brasil,2021-03-23,Max Brasil,95710581,1145,373000,2024-07-17 16:09:49,https://yt3.googleusercontent.com/JOUwCREjISEGGs0pbW0E6K2ZTa2ZFEulyDJyqBCdlvtP8Pp0AWMNZ6wrytbZrih6QTuDzp9X6w=s900-c-k-c0x00ffffff-no-rj,"https://yt3.googleusercontent.com/skHbUSW_c4MIkColeqhW_vIaBOqUZPrPot6bZTVHKNvSEpT-GygYz1ff2yLr-DHrklb_BB-5Kg=w1060-fcrop64=1,00005a57ffffa5a8-k-c0xffffffff-no-nd-rj"
Unknown,2017-03-16,Mc Darlan Oficial,2895138,21,27400,2024-07-17 16:09:49,https://yt3.googleusercontent.com/8mrvAd0qZud6ngMpftaCa0j3vroiD8vdBolyqAMbhHNCTcanRiohQMGSb2CaWfaJvvnEcMZxvg=s900-c-k-c0x00ffffff-no-rj,"https://yt3.googleusercontent.com/O70dSzDmEtrDh_YU5iBYEO0D8iMmvQigb-zTpkS5eS-AU_w490mNzYvOpZvZIjFWnSxuIcDm=w1060-fcrop64=1,00005a57ffffa5a8-k-c0xffffffff-no-nd-rj"
Brasil,2021-07-30,Mendrake,233303884,273,1630000,2024-07-17 16:09:49,https://yt3.googleusercontent.com/z4bbeeE2xi_tZzOIRjWPzVQsP4VGGy6DUYhPidz9SJBqa1dViGW9Z_xInr2IPY5kMFP5alH3jw=s900-c-k-c0x00ffffff-no-rj,"https://yt3.googleusercontent.com/J2nrq0Uw5m2NpwP4JThP0qIMEH9u7delgNbw5DE3misiDJB0ySstW79O_fKIp86gnFQmPSa_Yg=w1060-fcrop64=1,00005a57ffffa5a8-k-c0xffffffff-no-nd-rj"
Estados Unidos,2012-02-19,MrBeast,54577583042,807,303000000,2024-07-17 16:09:49,https://yt3.googleusercontent.com/fxGKYucJAVme-Yz4fsdCroCFCrANWqw0ql4GYuvx8Uq4l_euNJHgE-w9MTkLQA805vWCi-kE0g=s900-c-k-c0x00ffffff-no-rj,"https://yt3.googleusercontent.com/NP3nTQ3kxLiXV-kLXKS2zaNL6ESMMBv74m-d5a--q5ThgLD6I-IyqLwAbj-AbClWNbORBg3Pcg=w1060-fcrop64=1,00005a57ffffa5a8-k-c0xffffffff-no-nd-rj"
Brasil,2018-07-15,MucaHD,68321524,423,775000,2024-07-14 11:01:21,https://yt3.googleusercontent.com/hEvqHjjm189nejIXRPcLZYPOqxxHFR3INQUeJ-fgyE8tPfnE64z_W0c9hPkq-6BvR9PHykb2Kw=s900-c-k-c0x00ffffff-no-rj,"https://yt3.googleusercontent.com/aBd5TZ2VjLY8swJtuYkel0NzUkKVJkQMyWes-BKf86jvIU90XoOs4uZJEE1YxeWI4IliIZpR_uc=w1060-fcrop64=1,00005a57ffffa5a8-k-c0xffffffff-no-nd-rj"
Brasil,2015-11-04,Multishow,3884847804,9239,8140000,2024-07-17 16:09:49,https://yt3.googleusercontent.com/sh_DzirMU9cDrTtvHHF7AQ6wID-eFKVkTm9LMwkYBCohLWQUNtQWrP-p-5aJzMVtfbPH_zXM=s900-c-k-c0x00ffffff-no-rj,"https://yt3.googleusercontent.com/tbaTcDhzj9-Jkvp7DcDcooi9yFxIZAxg6_jNgjotfYul_Boa9IpyTZoibBjCFIj6-HcUGDtS908=w1060-fcrop64=1,00005a57ffffa5a8-k-c0xffffffff-no-nd-rj"
Brasil,2010-10-27,MUSSA,2088078240,544,12700000,2024-07-17 16:09:49,https://yt3.googleusercontent.com/w48LZtOIC4mQu7o-K4SfMqEWVU-pgmCpfIRZtVOqs5iaziAT9d9PAPh1vhNsg3oewCfJcXw-qy8=s900-c-k-c0x00ffffff-no-rj,"https://yt3.googleusercontent.com/pWaMetiObn3ugTJsgLq2dGxpjPKWUiUQPtEY9BERQyXA57SnLyh6AuhvfQlj4d6GLjHXe8s7rA=w1060-fcrop64=1,00005a57ffffa5a8-k-c0xffffffff-no-nd-rj"
Brasil,2017-12-13,Nadson O Ferinha Oficial,948918196,90,1450000,2024-07-14 11:01:21,https://yt3.googleusercontent.com/P18aytIY2swC2Y0rZVMqz_APGyq4_bWtgajMQOkBHTEhYfG2Xbh22bNcKH3a832ZgeuOz-Vz5xs=s900-c-k-c0x00ffffff-no-rj,"https://yt3.googleusercontent.com/jl6wlVVIKXDd_sHMf_eAoP4oDLicANoP1iUnDR4Tl1Bp72pGtvhX0lmzdyGMunzFhnJSPNedRQ=w1060-fcrop64=1,00005a57ffffa5a8-k-c0xffffffff-no-nd-rj"
Brasil,2019-02-15,Nattan,1635092303,298,2069999,2024-07-17 16:09:49,https://yt3.googleusercontent.com/DqydtNeqmMap6ARO_IVGxijRFbl6JqA1cqmtnBTL87tnHzkTz0eE84z-f4Y3M_M0AKsds9GyG2s=s900-c-k-c0x00ffffff-no-rj,"https://yt3.googleusercontent.com/f1Uis1xSV_Hr2lLQmIus9MFDnuFbKV_w17_UQ-cXrMtxYjRc9p8if4Bpqm8xVk3cRDpDLqALdg=w1060-fcrop64=1,00005a57ffffa5a8-k-c0xffffffff-no-nd-rj"
Brasil,2020-03-26,NBA Brasil,219942619,3408,1180000,2024-07-13 14:56:47,https://yt3.googleusercontent.com/nHdZcHfst2VxOuEe1o0wPO8X4w9xXjqO0zWIH06LNlUN8BimHIWXFisNZ4pEHUzZQiVVXDEI=s900-c-k-c0x00ffffff-no-rj,"https://yt3.googleusercontent.com/3JnoetOxe8rtZf03OXnRSNZ89VdH2rqGVoDqmuNg7PmXCyDCn3t_luYqVwX_H0vqQ8EcXDb_7q4=w1060-fcrop64=1,00005a57ffffa5a8-k-c0xffffffff-no-nd-rj"
Brasil,2014-10-22,Nerd Land,523493342,2615,3010000,2024-07-14 11:01:21,https://yt3.googleusercontent.com/ytc/AIdro_lj_lqWsan3LhqnUhQtczeDdUGtfySP1zHDMDmc8vKFlEg=s900-c-k-c0x00ffffff-no-rj,"https://yt3.googleusercontent.com/o6pD7dNKfc52yPocjmp1pojS3iyDeTH2zXMH1zn6Qi36wWaI0buXI21FSEdOQ3KfaTeoMceHbi0=w1060-fcrop64=1,00005a57ffffa5a8-k-c0xffffffff-no-nd-rj"
Brasil,2019-08-06,NFA CHANNEL,174986437,606,1600000,2024-07-14 11:01:21,https://yt3.googleusercontent.com/7EgCCMhXeZkm9ykqALlw12Q6qed3vLu4nQcnBeaJl8UnZQFAiDO_AlDmDYGe_yzCN4rGlWSA=s900-c-k-c0x00ffffff-no-rj,"https://yt3.googleusercontent.com/Zggcnpq5UFZGeOTY1modMTuWmTwNF8rrIgQtyFp-orUXknubKXGIWMd9CPyvW4txxZaY59lta68=w1060-fcrop64=1,00005a57ffffa5a8-k-c0xffffffff-no-nd-rj"
Brasil,2015-07-03,Onerb,340941101,574,3200000,2024-07-17 16:09:49,https://yt3.googleusercontent.com/1Vvn_zr8zaopkT8uKRztFKqMn_KejEM-EDAUZr0dpTzN_PPtFFeJDK8qJJo3eh8BjHgVZlI1bg=s900-c-k-c0x00ffffff-no-rj,"https://yt3.googleusercontent.com/Z02gnXUCJgNfaNrHfZxTXU4YJfP8h7B-hhzORWMKrNrWKsOw5yKNrEWxRBLw6bhZSct-idu1qbo=w1060-fcrop64=1,00005a57ffffa5a8-k-c0xffffffff-no-nd-rj"
Brasil,2023-07-14,Os três elementos,7361900,359,80200,2024-07-14 11:32:18,https://yt3.googleusercontent.com/-Ra-jlC4_ziG0E9u5y87H2eEoB_R8OgGNj7pSCEBvADmjOApve_WL2hR99riEkjwfeCkUolfnQ=s900-c-k-c0x00ffffff-no-rj,"https://yt3.googleusercontent.com/gTDwNaqs_UWOEpl3vNqpgUeQv03t1WrGNKqi_SuedUNJq1zDfyoG24TeAvEoMlToyYqdiwyZ9dw=w1060-fcrop64=1,00005a57ffffa5a8-k-c0xffffffff-no-nd-rj"
Brasil,2011-09-20,Paramount Brasil,589542330,1424,386000,2024-07-11 14:43:12,https://yt3.googleusercontent.com/BI5B5SY-S_TxK9Abta4dbcid4m6mbAbEJtWLEOJfNugA0eAoSvqk-hPZxxSDS-TPoBCl5_XaiWM=s900-c-k-c0x00ffffff-no-rj,"https://yt3.googleusercontent.com/sRkC8xiFH6Nb2hkeNnaZvQKmgRxBbVnpbHE2m07aY4UN_8Abj9BD-LQSmbf0miUM-mYA3FKHqIg=w1060-fcrop64=1,00005a57ffffa5a8-k-c0xffffffff-no-nd-rj"
Brasil,2018-12-15,Pililiu da Resenha,865027312,1075,1690000,2024-07-17 16:09:49,https://yt3.googleusercontent.com/ytc/AIdro_lEBV7MqZAVnwlJ9k9AxIoT9rEusrsQjnYCt11sCIwkK94=s900-c-k-c0x00ffffff-no-rj,"https://yt3.googleusercontent.com/wNxS7VRz-h81Kd_YIL_tgID-K9h8zTvFp1MkGDFyiwIdDEQJyw3aLZ4FoMErX3r2ZmuPU_bp0t4=w1060-fcrop64=1,00005a57ffffa5a8-k-c0xffffffff-no-nd-rj"
Brasil,2020-09-19,Podpah,1349888872,2192,8330000,2024-07-17 16:09:49,https://yt3.googleusercontent.com/s6wpISNimZJfHlh_vrTTJFgOiK669_c65ALy9uOnCiaz0XUJjxNdQFjveHXi_EjbmPLOwfFAuhQ=s900-c-k-c0x00ffffff-no-rj,"https://yt3.googleusercontent.com/ncHYuFJpKy4CE02i415jci3ax0hm3xk6gycugeKrTkUlq7ppxEqLcBJrhuqlwHKOSjfMjCa7AuE=w1060-fcrop64=1,00005a57ffffa5a8-k-c0xffffffff-no-nd-rj"
Brasil,2016-12-12,Prime Video Brasil,601517080,1790,2520000,2024-07-17 16:09:49,https://yt3.googleusercontent.com/1_i7Xq_jSuIJ3ZfG9-K_yWnrxoGSfpSq4XIMUcM80pj8-b2HJQoZmS6rSWMTQPBzrqn9_uMOIQ=s900-c-k-c0x00ffffff-no-rj,"https://yt3.googleusercontent.com/52ul76flVcNSBFrdUT9j5wSZF2Fw8YfHOY4rzE_Mvh2r7-Jd78IfYqbz-dLZ_RhJTE6-agKfGWU=w1060-fcrop64=1,00005a57ffffa5a8-k-c0xffffffff-no-nd-rj"
Brasil,2006-07-30,RECORD,981296489,14671,3880000,2024-07-14 11:01:21,https://yt3.googleusercontent.com/OwSXzXYZ7HG9hDRWhY3d6Li1ulnUaJbFQYChL-rXiBlPl5vBE8LM2m1O-e91CkYPEfK3bV-y62I=s900-c-k-c0x00ffffff-no-rj,"https://yt3.googleusercontent.com/QUdixgdiYzsM1MTeIwN3IcJLKUoRoIOZzGJ066MQrIhFrSoLtu5PjQyAVOew-Tw7B-nrg_BHSw=w1060-fcrop64=1,00005a57ffffa5a8-k-c0xffffffff-no-nd-rj"
Brasil,2015-07-07,Refúgio Cult,214217815,1528,1340000,2024-07-12 15:52:30,https://yt3.googleusercontent.com/ytc/AIdro_l3fNw-U1iKX42ddzCw59q6NrfGs0pJjX9NR7NeUwOjBw=s900-c-k-c0x00ffffff-no-rj,"https://yt3.googleusercontent.com/UwAxVxTJiARzqjOtoo3mREus2tdapEcV8QCTcKWSMphvkx14ksxl86x-9732QZs1h5KTY2ZwJ-w=w1060-fcrop64=1,00005a57ffffa5a8-k-c0xffffffff-no-nd-rj"
Brasil,2012-02-12,rezendeevil,13516605297,12211,33600000,2024-07-14 11:01:21,https://yt3.googleusercontent.com/TX93DoEJrvJi10f8WrPOej9VS0YrMUmuRt_tzT6Kj5A3qBvFx6iOspfirq42jXDUo6cmRcVQ-A=s900-c-k-c0x00ffffff-no-rj,"https://yt3.googleusercontent.com/G7JF3MiorAZ3gtylmg164wlCLQc-7RVAv3bY2kwe60z-9Z2JBAMov57I2orC2gT902V7d3FTqQ=w1060-fcrop64=1,00005a57ffffa5a8-k-c0xffffffff-no-nd-rj"
Brasil,2014-05-17,Robin Hood Gamer,11079281955,4339,21000000,2024-07-14 11:01:21,https://yt3.googleusercontent.com/OhCQz0_OyJnwDHt1LyrINzouuz_vYa9WQLKlbwuEnHLbMyEsnXRk99yJqZxdn3z9Vpyw8nBk=s900-c-k-c0x00ffffff-no-rj,"https://yt3.googleusercontent.com/vwhxoHw0t8KISFmxpUmypwq2WJWEuiYCv3BTZoWfHeFloSS2Gw6RzdQFHmQ_SCdCS78vq0Rg=w1060-fcrop64=1,00005a57ffffa5a8-k-c0xffffffff-no-nd-rj"
Unknown,2014-02-14,SBT Sports,269919546,3477,1190000,2024-07-17 16:09:49,https://yt3.googleusercontent.com/nTuXI2Z-Udy4fBVRp1n_snXVz0Jcx3y2XEqYp3NrsYIoS2Kk0dqNQVZJV3vSo1vTg8eTEUHBSQ=s900-c-k-c0x00ffffff-no-rj,"https://yt3.googleusercontent.com/06mMP9nBKdQ27qIxeaVxSSpsh81NDPFNcewlafx8n0ENK0mHPyLty2YgWdOC04cEoLdguivqh_E=w1060-fcrop64=1,00005a57ffffa5a8-k-c0xffffffff-no-nd-rj"
Brasil,2016-10-26,Seu Desejo,654054229,141,766000,2024-07-14 11:01:21,https://yt3.googleusercontent.com/DeaLQbnyRem55_hN5M_3AJ_0h7AzA4uGpoL13xxxLPEgKqAGlJnBE7pMqWV_9RaS-yzKQsqs=s900-c-k-c0x00ffffff-no-rj,"https://yt3.googleusercontent.com/wadf3q8pShpXlq63sPJf4vGnPLlSHjtslQ1KPMeRF39tssYRU_X8BvMjxYntVXhp3tpKnYhD=w1060-fcrop64=1,00005a57ffffa5a8-k-c0xffffffff-no-nd-rj"
Países Baixos,2011-11-15,Sevdaliza,235087631,108,612000,2024-07-17 16:09:49,https://yt3.googleusercontent.com/XVDFYEiDZb1ul9kr5QX0GgZ48BUSHtIzSgCAoeMvCvEc4ddzFQnzGTH6NBE93xAT_OozMcCFhQ=s900-c-k-c0x00ffffff-no-rj,"https://yt3.googleusercontent.com/vd-JfAhcqmxCDdtzLuVDcBocjowH0B31CTj2VjisFi41dgzETXyTSCIWSdLEHLJ7Eo4rFCdG_Q=w1060-fcrop64=1,00005a57ffffa5a8-k-c0xffffffff-no-nd-rj"
Brasil,2020-10-18,Sociedade Z,89541887,777,389000,2024-07-14 11:26:28,https://yt3.googleusercontent.com/ytc/AIdro_lW18ud0ILDsuVvst0B6MRaVj7NVYm1BXVtcMMAPLW2L60=s900-c-k-c0x00ffffff-no-rj,"https://yt3.googleusercontent.com/97xu0XDcKzSi0oUYaJpjv2DjT0XFoB0ESOoj_fT_59lNIUcVwzLBeIFF1XnYhiGNvEKovjo1=w1060-fcrop64=1,00005a57ffffa5a8-k-c0xffffffff-no-nd-rj"
Brasil,2009-08-04,Sorriso Maroto,3175597811,801,4450000,2024-07-17 16:09:49,https://yt3.googleusercontent.com/MU4oTqeMk2MIuVCDwJZbrZXyL943FnTsfMEmyRIt0JuCTbFQ8Vmojs7zrkU9w67MqSjxWZjjug=s900-c-k-c0x00ffffff-no-rj,"https://yt3.googleusercontent.com/_DJ0_Zi0hFhjQcK3yKthyo00vLx3MjNjlfhcbuxvTK4UriXGu0h59YyrVEIXLPBtPQrBZrnW=w1060-fcrop64=1,00005a57ffffa5a8-k-c0xffffffff-no-nd-rj"
Finlândia,2020-11-11,Squad Busters,67503201,63,648000,2024-07-11 14:43:12,https://yt3.googleusercontent.com/mf2_inyBy96kwvvbpJMzaptCDt1DNzZjYpWoT6Wiry8b9v_s5VFVfBrxyrrvB7GcOgG3T_se1Q=s900-c-k-c0x00ffffff-no-rj,"https://yt3.googleusercontent.com/OHYAdKLmDB0sydblCKPg6kYeG3Hiu5BjcqkXkU0zDP1k6ZG4euKutSEJ8JsBQO-vcOVmS1X_=w1060-fcrop64=1,00005a57ffffa5a8-k-c0xffffffff-no-nd-rj"
Brasil,2009-08-30,Talokudo,888851013,617,3040000,2024-07-17 16:09:49,https://yt3.googleusercontent.com/DFpgZ1jGTvENwcoux5QE_a0Sf-UOOyJW6PjAR-SAXQxVupciEFAQKkCfdd6OsIKswxJyFsSDDw=s900-c-k-c0x00ffffff-no-rj,"https://yt3.googleusercontent.com/BI_oFMJjdNJB-hRBwxNymhjm_u-75dC2C9qNOodoIGPGVXnI96M1ekrFrxsg6NnL-Fqznybt=w1060-fcrop64=1,00005a57ffffa5a8-k-c0xffffffff-no-nd-rj"
Brasil,2016-06-15,Tex HS,3070020662,2541,6300000,2024-07-12 15:52:30,https://yt3.googleusercontent.com/ytc/AIdro_kEBkI6HQ_yyGUeFimd-BxwJwCjJdUS-VMmECutDu_B6so=s900-c-k-c0x00ffffff-no-rj,"https://yt3.googleusercontent.com/9h7fk_S-y9wQDGrA4CWwfu1Fx5EqZTkVZ3QAsd6Gjj-b9e0voZ0M9EsZxbdPrv_HMQPKkYES=w1060-fcrop64=1,00005a57ffffa5a8-k-c0xffffffff-no-nd-rj"
Brasil,2009-10-29,TNT Sports Brasil,2949934519,8148,11100000,2024-07-17 16:09:49,https://yt3.googleusercontent.com/nbzvAOJQJTB_FzBJDvg9mcCAPwl5NkEv3dKVQrfsmaROJ7naWGv3sh4SgDifQo25x9JVC5Yxnw=s900-c-k-c0x00ffffff-no-rj,"https://yt3.googleusercontent.com/3vacxL4b0ORu63lNOd5RCtK4MnABW1PwVTjxDsZvarmnkzLeE9d4B54ArT3paMx4wyJe7Fgd=w1060-fcrop64=1,00005a57ffffa5a8-k-c0xffffffff-no-nd-rj"
Brasil,2016-04-05,TV A Crítica,644596470,23857,2880000,2024-07-12 15:52:30,https://yt3.googleusercontent.com/is4pkaqFkwEe6Vq_XDnqZeCNTKwMwRpxsoUz_HS1BPTdpoByuT5W-Zf-N8F0U0cAp8u3WJ1TnQ=s900-c-k-c0x00ffffff-no-rj,"https://yt3.googleusercontent.com/nv16anyCtl5pb2fQWMTEgaopOotQVF78dRFWK12hW7ftmB_oTOCDSPgbY3CLi03hGKPYMq2A=w1060-fcrop64=1,00005a57ffffa5a8-k-c0xffffffff-no-nd-rj"
Brasil,2014-08-06,TV Globo,2685493128,20111,5800000,2024-07-11 14:43:12,https://yt3.googleusercontent.com/mUWEyy1Mi2D_r27JRZIomJS3F5zrFADFr5TDqLUEsGq8B9rZ2XeMHWGdvP-l5CBXpvrg5NU7qc8=s900-c-k-c0x00ffffff-no-rj,"https://yt3.googleusercontent.com/x0hglC9gjen-LOzb4MLoLC2T5vbgNO-GcBsvgn_WvzNpqsTtw-KuyDD1C9kjsKLs2KhSJJuxrA=w1060-fcrop64=1,00005a57ffffa5a8-k-c0xffffffff-no-nd-rj"
Japão,2017-02-21,TWICE JAPAN OFFICIAL YouTube Channel,2026810202,357,5140000,2024-07-11 14:43:12,https://yt3.googleusercontent.com/X_69U23O0dpyYhsrYzYXcMp_P3NJQiQFSPRFgutpwf3usZlwoWD1YwyQdJMPl3ddskjWetA6qiY=s900-c-k-c0x00ffffff-no-rj,"https://yt3.googleusercontent.com/4pN02lXnGJNFFKTDKJ58naN4xZkqPhRTivtMiL6-8S09D-9ET9T4XWqafde2mrRgYs3eqn_J2T4=w1060-fcrop64=1,00005a57ffffa5a8-k-c0xffffffff-no-nd-rj"
Brasil,2016-08-11,Valquiria Santana,2628175,43,36900,2024-07-17 16:09:49,https://yt3.googleusercontent.com/4acjitHIaVM5l3Dv4eQTeKFlqxlEhg-lO6LSjR83Y3UCZ1EGMq3llC2hQiYytL52V5kFt4-O-A=s900-c-k-c0x00ffffff-no-rj,"https://yt3.googleusercontent.com/g32gFknrWyqN38mrQ4DDnfzc5WcYaAIetXwYArbmusrh5rdnk8ys35RbvAR9_sAJScH4jkjzNbY=w1060-fcrop64=1,00005a57ffffa5a8-k-c0xffffffff-no-nd-rj"
Brasil,2006-01-01,Vasco TV,62133214,791,1340000,2024-07-17 16:09:49,https://yt3.googleusercontent.com/Te6NOIRvrye0NFyK9Rf_b06Ka5v8iDnhHXwBTIWcRO7WF9SUWIvveWdOQbYO1T5HDzJUZzDrJT0=s900-c-k-c0x00ffffff-no-rj,
Brasil,2016-04-26,Virgínia Fonseca,1545032797,1512,11700000,2024-07-17 16:09:49,https://yt3.googleusercontent.com/tiOzl6g-T-BIoyfV5r0ElpicAXogRkSIlYSy7IpTxr2QVD4kv6hXw4j9jmG0pkncV_20NOdi=s900-c-k-c0x00ffffff-no-rj,"https://yt3.googleusercontent.com/u3y3GTz7CbQsLRE2rScfKYhnDYxXXtRZwIE1bOzy6jz46fb8gL7KNe4T05sgQvLDRRSHqResxA=w1060-fcrop64=1,00005a57ffffa5a8-k-c0xffffffff-no-nd-rj"
Unknown,2018-05-22,YasminSantosVEVO,891188993,103,Unknown,2024-07-12 15:52:30,https://yt3.googleusercontent.com/naFHBwS--YpiiVTjRcFfQarq9ttqNqNwQBf9-xUURxlLEMzvjmWK27raTTrM2rztm6534jojVQ=s900-c-k-c0x00ffffff-no-rj,"https://yt3.googleusercontent.com/qjiFM-Cw8Vd1IfJEQE7TY9RmvE4kpc7oAOnN7yS25c1ldvE-GFOuUJo82-xgo1lljLgCN-vZiPg=w1060-fcrop64=1,00005a57ffffa5a8-k-c0xffffffff-no-nd-rj"
Brasil,2012-10-05,Zaynara,3823700,108,29700,2024-07-17 16:09:49,https://yt3.googleusercontent.com/aGQrOe93U0X26gV850QRbvijZf8t5nz3VXosmQahjhgN2tMQ7vVtaX4d7Ue6BD7DTcAFcM5E=s900-c-k-c0x00ffffff-no-rj,"https://yt3.googleusercontent.com/66X4jA1Ggs6BX3Kl_pEDHtD5WMkJtgBK8RFUCbHFQzaUaAUoXvoEEan3UTwUxnom2sbjAIl-RA=w1060-fcrop64=1,00005a57ffffa5a8-k-c0xffffffff-no-nd-rj"
Brasil,2012-04-02,Zé Neto e Cristiano,13331014416,466,15500000,2024-07-17 16:09:49,https://yt3.googleusercontent.com/nqNvus47GXtIkpVFeM-MJzChO5d_MHCzUWMv76rx27fIuH3Mvm0X4mR9HvDjcZmm3TPbgZvUMg=s900-c-k-c0x00ffffff-no-rj,"https://yt3.googleusercontent.com/1Ek-ws3wlka2OU-GM-N6cDuwz6Y4ZSbxt4mkZt33gOCj5VSiiV04lKc3kO_vAoFurwF1d3VjnA=w1060-fcrop64=1,00005a57ffffa5a8-k-c0xffffffff-no-nd-rj"
